Year,Event,Description
550 BC,Founding of the Achaemenid Empire,"Cyrus the Great established the Persian Empire, connecting a vast area under one centralized government, influencing later empires' administrative systems."
500 BC,Buddha’s Enlightenment,"Siddhartha Gautama’s teachings laid the foundation of Buddhism, impacting spiritual, cultural, and philosophical life across Asia."
500 century BC onward,Construction of the Great Wall of China,"Built to protect against invasions, the Great Wall symbolizes China’s enduring defense strategies and engineering capabilities."
334 BC,Alexander the Great's Conquests,"Alexander's campaigns spread Hellenistic culture across Europe, Africa, and Asia, blending civilizations and establishing lasting cultural exchanges."
509 BC,Founding of the Roman Republic,The establishment of the Roman Republic marked a shift toward a unique system of governance that influenced later democracies.
322 BC,Formation of the Maurya Empire,"Chandragupta Maurya unified much of India, establishing a political structure that shaped Indian history."
268-232 BC,Reign of Ashoka the Great,"After converting to Buddhism, Ashoka spread its ideals of nonviolence and compassion, influencing both religious and political thought in Asia."
72-80 AD,Construction of the Colosseum,The iconic Roman structure illustrated the Roman Empire's architectural ingenuity and their cultural emphasis on public entertainment.
600 AD,Birth of Islam,"The Prophet Muhammad's revelations and subsequent establishment of Islam formed one of the world's major monotheistic religions, profoundly influencing Middle Eastern and global history."
618-907 AD,Tang Dynasty's Golden Age,"The Tang era is celebrated as a pinnacle of Chinese culture, marked by advancements in art, literature, and trade."
793-1066 AD,Viking Age,"The Viking expeditions expanded trade routes across Europe, connecting disparate regions and encouraging cultural exchange."
732 AD,Battle of Tours,"Charles Martel’s victory stopped the northward advance of Islamic forces into Europe, shaping the future of European religious and cultural landscapes."
800 AD,Invention of Gunpowder in China,"Gunpowder revolutionized warfare and ultimately shifted the balance of power globally, impacting empires across continents."
1096-1099 AD,First Crusade,"A campaign to reclaim the Holy Land, the Crusades marked a significant chapter in Christian-Muslim relations, influencing centuries of conflict and cultural exchanges."
1200 AD,Mongol Conquests,"Under Genghis Khan, the Mongol Empire became the largest contiguous empire in history, promoting unprecedented Eurasian connectivity and cultural exchange."
1235 AD,Founding of the Mali Empire,"Mali, under leaders like Mansa Musa, became a center for trade and learning in Africa, particularly famed for its wealth and the city of Timbuktu."
1215 AD,Signing of the Magna Carta,This English charter curtailed the power of the monarchy and laid the groundwork for constitutional governance.
1300 AD,Renaissance Begins,"Originating in Italy, the Renaissance sparked a resurgence in art, science, and intellectual pursuit, influencing European culture profoundly."
1347-1351 AD,Black Death,"The pandemic decimated Europe’s population, leading to major economic, social, and cultural transformations."
1453 AD,Fall of Constantinople,The Ottoman conquest marked the end of the Byzantine Empire and paved the way for Ottoman dominance in Southeast Europe.
1492 AD,Christopher Columbus' First Voyage,"Columbus' landing in the Americas ushered in an age of exploration, colonization, and interaction between Europe and the Americas."
1517 AD,Martin Luther's 95 Theses,"The start of the Protestant Reformation challenged the Catholic Church, leading to religious, cultural, and political upheaval across Europe."
1526 AD,Mughal Empire Established,"Babur's conquest laid the foundation of the Mughal Empire, which shaped Indian culture, politics, and architecture for centuries."
1610 AD,Galileo's Telescope Discoveries,"Galileo's observations revolutionized the understanding of our universe, advancing the Scientific Revolution."
1644 AD,Founding of the Qing Dynasty,"The Qing unified China and ruled it for nearly three centuries, overseeing a complex period of expansion and cultural fusion."
1688 AD,Glorious Revolution,"This peaceful transfer of power in England established constitutional monarchy, curtailing absolute monarchy and promoting parliamentary power."
1760 AD,Industrial Revolution Begins,"Originating in Britain, the revolution transformed societies with advancements in machinery, technology, and production, setting the foundation for modern economies."
1776 AD,American Declaration of Independence,"Marking the birth of a new nation, the American Revolution influenced other countries seeking self-governance."
1789 AD,French Revolution,A radical period of social and political upheaval that ended monarchy in France and inspired a wave of global revolutions.
1791-1804 AD,Haitian Revolution,"The first successful slave revolt leading to Haiti's independence, influencing abolitionist movements across the world."
1803-1815 AD,Napoleonic Wars,These wars reshaped Europe’s borders and set the stage for the rise of nationalist movements.
1815 AD,Congress of Vienna,"The congress established a balance of power in Europe post-Napoleonic Wars, influencing international diplomacy."
1839-1842 AD,First Opium War,"Conflict between Britain and China that marked the start of Western influence in China, leading to a century of semi-colonial status."
1833 AD,Abolition of Slavery in the British Empire,Marked a significant step toward global abolition and the human rights movement.
1871 AD,Unification of Germany,The formation of the German Empire altered the balance of power in Europe and set the stage for future conflicts.
1868 AD,Meiji Restoration in Japan,Japan's rapid industrialization and modernization transformed it into a major global power.
1876 AD,Invention of the Telephone,"Alexander Graham Bell's invention connected the world in unprecedented ways, revolutionizing communication."
1884 AD,Berlin Conference,"European powers divided Africa, leading to colonial dominance that affected African societies deeply."
1914-1918 AD,World War I,"A global conflict that reshaped international boundaries and political power dynamics, leading to the eventual fall of empires."
1917 AD,Russian Revolution,"Led to the fall of the Russian Empire and the establishment of the Soviet Union, changing the global political landscape."
1920 AD,Women's Suffrage Movement Success,"Women in the USA gained the right to vote, part of a broader movement for women's rights worldwide."
1939-1945 AD,World War II,"A total war that led to significant geopolitical shifts, the establishment of the United Nations, and a global re-evaluation of human rights."
1947 AD,India Gains Independence,The end of British colonial rule inspired decolonization movements across Africa and Asia.
1949 AD,Chinese Communist Revolution,"Led to the founding of the People’s Republic of China, profoundly impacting global politics and Asian history."
1969 AD,First Human on the Moon,Neil Armstrong’s moon landing during the Space Race marked a pinnacle of technological achievement and exploration.
1989 AD,Fall of the Berlin Wall,"Symbolizing the end of the Cold War, the wall’s fall paved the way for German reunification and greater European integration."
1991 AD,Dissolution of the Soviet Union,"The end of the USSR marked the close of the Cold War, leading to dramatic shifts in world politics and the emergence of new nations."
1994 AD,Nelson Mandela's Election,"The election of Mandela ended apartheid in South Africa, symbolizing a significant victory for civil rights and racial equality."
2008 AD,Global Financial Crisis,"A major economic downturn that exposed vulnerabilities in the global financial system, affecting millions worldwide."
2019-2024 AD,COVID-19 Pandemic,"A global health crisis that profoundly altered public health policies, economic systems, and social behaviors on a worldwide scale."
